name,discounted_price,price,unit,price_per_unit
Fantovska otroška kratka pižama,4.69,6.99,kompl.,
Hruške,1.69,2.49,za kg,
Dekliška otroška kratka pižama,4.69,6.99,kompl.,
PARKSIDE Rezalnik za ploščice,11.49,16.99,kos,
Pomaranče,1.39,1.99,za kg,
Redkvice,0.55,0.79,250 g,1 kg = 2.20
BELBAKE Mleti mak,0.89,1.24,200 g,1 kg = 4.45
Jabolčni žepek,0.69,0.95,105 g,1 kg = 6.57
ŽAR LEGENDE Gurmanske pleskavice,3.69,4.99,480 g,1 kg = 7.69
NAŠE NAM PAŠE Piščančja stegna,1.99,2.69,600 g,1 kg = 3.32
KMET MILOŠ Tekoči sadni jogurt,1.19,1.59,350 ml,1 l = 3.40
DANONE Actimel,3.49,4.69,10 x 100 g,
ŽAR LEGENDE Ramsteak,5.29,6.99,300 g,1 kg = 17.63
SOLEVITA Sok citrusov,0.29,0.38,200 ml,1 l = 1.45
NAŠE NAM PAŠE Piščančje krače,1.99,2.59,600 g,1 kg = 3.32
DR. OETKER Vanilin sladkor/pecilni prašek,0.89,1.13,6 x 8 g/6 x 12 g,1 kg = 18.54/12.36
BELBAKE Mandlji,1.79,2.29,200 g,1 kg = 8.95
OCEAN SEA Hrustljav file aljaškega polaka,2.49,3.15,400 g,1 kg = 6.23
OCEAN SEA File lososa,3.19,3.99,250 g,1 kg = 12.76
GELATELLI Premium korneti,1.99,2.49,6 x 120 ml,1 l = 2.76
KMET MILOŠ Tekoči sadni jogurt,1.19,1.49,350 ml,1 l = 3.40
NAŠE NAM PAŠE Piščančje peruti,2.19,2.75,400 g,1 kg = 5.48
OCEAN SEA Ribje palčke,2.39,2.99,450 g,1 kg = 5.31
OCEAN SEA Jadranske sardele,2.39,2.99,1 kg,
OCEAN SEA File aljaškega polaka,4.99,6.29,950 g,1 kg = 5.25
Večzrnati kruh,1.59,1.99,700 g,1 kg = 2.27
CIEN Micelarna voda za obraz,2.59,2.99,400 ml,1 l = 6.48
DULANO SELECTION Mortadela s pistacijami,3.59,3.79,700 g,1 kg = 5.13
KANIA Peteršilj,1.45,1.79,15 g,1 kg = 96.67
CIMAROSA Cabernet sauvignon,2.99,3.49,"0,75 l",1 l = 3.99
NIXE Tunina z zelenjavo,1.79,2.09,220 g,1 kg = 8.14
KANIA Drobnjak,1.45,1.69,"12,5 g",1 kg = 116.00
COMBINO Testenine za lazanjo,1.19,1.39,500 g,1 kg = 2.38
CHEF SELECT & YOU Masleno listnato testo,1.19,1.39,230 g,1 kg = 5.17
MILBONA Sir v tanjših rezinah,1.29,1.49,100 g,1 kg = 12.90
MILBONA Rahel smetanov puding,0.69,0.79,200 g,1 kg = 3.45
CRIVIT E-gorsko kolo,,,,
SACHSENRAD Zložljivo električno kolo „Race F12”,,,,
CIEN Krema za roke,0.79,0.89,100 ml,1 l = 7.90
FREE FROM Testenine brez glutena,1.23,1.39,500 g,1 kg = 2.46
FRESHONA Sladka koruza,0.79,0.89,425 ml,1 l = 1.86
MILBONA Dimljeni topljeni sir v rezinah,2.49,2.79,150 g,1 kg = 16.60
TRATTORIA ALFREDO Pica margerita,3.39,3.75,333 g,1 kg = 10.18
HARVEST BASKET Krompirjevi kroketi,1.99,2.19,750 g,1 kg = 2.65
PILOS Skuta XXL,,3.48,1 kg,
FALA Fala kvas,,0.89,84 g,1 kg = 10.60
NAUTICA Severne kozice,,3.69,280 g,1 kg = 13.18
LUPILU Premium plenice mini,,4.99,44 kosov,1 kos = 0.11
ALESTO Mešanica oreščkov,,2.99,150 g,1 kg = 19.93
MARIBEL Džem,,2.49,420 g,1 kg = 5.93
SOLA Ledeni čaj brusnica,,1.39,"1,5 l",1 l = 0.93
Ora exotic,,1.89,2 l,1 l = 0.95
NARAVNA KOZMETIKA MEZE Trdi šampon,,8.99,35 g,1 kg = 256.86
KMETIJA HECL Sir „Srček“,,4.49,270 g,1 kg = 16.63
NAŠE NAM PAŠE Sveža jajca iz hlevske reje XXL,,4.89,30 kosov,1 kos = 0.16
Orehova jedrca,,6.99,za kg,
Bučke,,,,
"Bio Plantella univerzalna zemlja v kocki, 25 l",,8.99,25 l,1 l = 0.36
Fuksija,,3.99,6 kosov v kompl.,1 kos = 0.67
PEPPERTS Dekliške otroške kratke kavbojke,,5.99,kos,
LUPILU Dekliški čevlji za malčke,,8.99,par,
CRIVIT Klasično e-kolo,,,,
CIEN SUN Sprej za sončenje,,,,
CIEN SUN Balzam za ustnice,,,,
CIEN SUN Olje za sončenje v spreju,,,,
CIEN SUN Mleko za sončenje,,,,
CIEN SUN Otroški losjon za po sončenju,,,,
CIEN SUN Sprej za sončenje,,,,
CIEN SUN Sprej za sončenje,,,,
CIEN SUN Losjon za po sončenju,,,,
CIEN SUN Losjon za po sončenju v spreju,,,,
CIEN SUN Losjon za po sončenju,,,,
CIEN SUN Olje za sončenje v spreju,,,,
CIEN SUN Sprej za sončenje,,,,
CIEN SUN Sprej za sončenje,,,,
CIEN SUN Sprej za sončenje,,,,
CIEN SUN Sprej za sončenje,,,,
CIEN SUN Sprej za sončenje,,,,
SWEET CORNER Mini bonboni,,1.29,100 g,1 kg = 12.90
SONDEY Napolitanke,,1.29,300 g,1 kg = 4.30
SONDEY Napolitanke,,1.29,300 g,1 kg = 4.30
TRATTORIA ALFREDO Proteinska pica Margherita,,3.49,390 g,1 kg = 8.95
NAŠA RIBARNICA Patagonski lignji,,7.99,500 g,1 kg = 15.98
PILOS Sadni tekoči jogurt,,1.29,500 g,1 kg = 2.58
DUEL Mehčalec za perilo Soft lotus,,6.59,"1,6 l",1 l = 4.12
CHEF SELECT Pripravljene jedi,,2.99,400 g,1 kg = 7.48
SIEMPRE Tamponi,,3.25,56-80 kosov,1 kos = 0.06/0.05/0.04
MILBONA Kavni napitek,,0.75,250 ml,1 l = 3.00
JERUZALEM ORMOŽ Laški rizling,,4.89,1 l,
Svinjski file,,,,
BARONI Piščančja klobasa XXL,,1.99,1250 g,1 kg = 1.59
SVEŽE MESO Svinjsko pleče v kosu,,3.99,za kg,
"FINISH Gel za strojno pomivanje posode, 1,3 l",,9.99,"1,3 l",1 l = 7.68
SOLEVITA Sadni napitek XXL,,1.24,"1,5 l",1 l = 0.83
MILBONA Proteinski puding,,,,
LJUBLJANSKE MLEKARNE Alpsko mleko,,1.09,1 l,
FINGUŠT Telečja krača,,8.99,za kg,
Coca Cola,,3.99,12 x 150 ml,1 l = 2.22
"SONČNI CVET Sončnično olje, 10 l",,14.89,10 l,1 l = 1.49
Velikonočna šunka,,4.69,za kg,
ZLATA DOLINA Špehar'ca,,3.99,400 g,1 kg = 9.98
Francoska solata XXL,,2.99,900 g,1 kg = 3.32
DELUXE Norveški losos s pistacijami,,4.29,100 g,1 kg = 42.90
DELUXE Italijanski pršut „San Daniele“,,2.99,90 g,1 kg = 33.22
DELUXE Tiramisu,,2.99,300 g,1 kg = 9.97
KINDER Izbor čokolad z igračo,,9.99,133 g,1 kg = 75.11
SNACK DAY Izbrani grisini,,,,
NAŠE NAM PAŠE Goveje mleto meso,,,,
FIN CARRE Izbrane čokolade,,,,
CIMAROSA Izbrana vina,,,,
NAŠE NAM PAŠE Štajersko prekmursko bučno olje,,,,
KLOBČAR Stojalo za nože,,11.99,kos,
ALPIJA Narezek divjega prašiča,,2.99,80 g,1 kg = 37.38
ALPIJA Narezek tolminski želodec,,2.99,80 g,1 kg = 37.38
ALPIJA Domača salama,,25.99,za kg,
ALPIJA Alpska klobasa,,25.99,za kg,
ALPIJA Tolminska klobasa,,13.99,za kg,
PRODAJA MEDU GREGOR ŠEMEN S.P. Med,,9.99,450 g,1 kg = 22.20
BEE BEAUTY Šampon,,5.99,200 ml,1 l = 29.95
MOJA HARMONIJA Čajno mešano pecivo,,3.69,250 g,1 kg = 14.76
KMETIJA BUČAR Domači ajvar,,3.79,370 ml,1 l = 10.24
HIŠA ZELIŠČ Bio zeliščni čaj Pohorska euforija,,4.99,50 g,1 kg = 99.80
EMO-ETT CELJE Emajlirani izdelki,,6.99,,
KMETIJA ERHATIČ Jajca iz ekološke reje,,3.69,10 kosov,1 kos = 0.37
OLJARNA KOCBEK Štajersko prekmursko bučno olje,,13.99,500 ml,1 l = 27.98
KMETIJA LUŽNIK Jajčne testenine,,3.99,500 g,1 kg = 7.98
GRAJSKE MESNINE SEVNICA Sevniška klobasa za kuhanje,,12.99,za kg,
KLOBČAR Valjar,,4.49,kos,
KLOBČAR Stojalo za papirnate brisače,,4.79,kos,
KLOBČAR Servirna deska,,7.99,kos,
KLOBČAR Stojalo z deskami,,12.99,kompl.,
KLOBČAR Deska za rezanje,,5.99,,
KLOBČAR Kuhalnice,,1.99,kompl.,1 kos = 0.66
KLOBČAR Kladivo,,3.99,kos,
KMET MILOŠ Tekoči jogurt/sadni kefir,,1.39,350 ml,1 l = 3.97
MESNINE BOHINJA Bohinjska zaseka,,1.99,150 g,1 kg = 13.27
MESNINE BOHINJA Suha domača klobasa,,2.99,180 g,1 kg = 16.61
MESNINE BOHINJA Bohinjski ocvirki v masti,,4.99,440 g,1 kg = 11.34
MESARSTVO BLATNIK Suha klobasa,,2.99,180 g,1 kg = 16.61
KORENIKA&MOŠKON Oljčno olje Istrska Belica,,7.99,250 ml,1 l = 31.96
MAXITRAT Tekoči detergent,,8.99,5 l,1 l = 1.80
JELEN/OŽUJSKO/STAROPRAMEN/NIKŠIĆKO Pivo,,3.99,,
Velikonočna jajca,,2.99,10 kosov,1 kos = 0.30
FINGUŠT Prekajen vrat,,5.49,za kg,
Z’DEŽELE Prekajeno pleče s slanino,,4.49,za kg,
Z’DEŽELE Praznična gnjat,,8.99,za kg,
THOMY Delikatesna majoneza,,4.55,761 g,1 kg = 5.98
NAŠE NAM PAŠE Orehova potica,,3.99,400 g,1 kg = 9.98
NAŠE NAM PAŠE Pršut,,9.99,za kg,
STARI ROGLJIČEK Krhka pita,,4.49,450 g,1 kg = 9.98
KRAS Pečen pršut,,9.99,za kg,
Z’DEŽELE Pečena svinjska ribica,,6.99,za kg,
ZLATA DOLINA Domača klobasa,,2.99,200 g,1 kg = 14.95
NAŠE NAM PAŠE Prekajena svinjska zadnja krača,,2.99,za kg,
KANIA Pehtran,,0.39,,1 kg = 55.71
"NAŠE NAM PAŠE Slovenska moka, 10 kg",,4.83,10 x 1 kg,1 kg = 0.48
"KIARA Kristalni sladkor, 10 kg",,8.75,10 x 1 kg,1 kg = 0.88
DR. OETKER Puding,,,,
RAMA Margarina za peko,,1.89,500 g,1 kg = 3.78
FALA Suhi kvas,,0.59,7 g,1 kg = 84.29
FALA Kislo testo,,0.79,30 g,1 kg = 26.33
Rozine,,0.99,200 g,1 kg = 4.95
BARCAFFÈ Mleta kava,,8.29,600 g,1 kg = 13.82
ORA Banana-kivi/Exotic,,1.19,"1,5 l",1 l = 0.79
PILOS Kefir XXL,,1.99,"1,5 kg",1 kg = 1.33
NAŠE NAM PAŠE Linški keksi XXL,,4.49,1100 g,1 kg = 4.08
MARETTI Bruskete,,1.29,150 g,1 kg = 8.60
MAMMA CRUMBS Panko drobtine,,1.99,200 g,1 kg = 9.95
VIOLETA Toaletni papir,,5.99,24 x 110 listov,1 rola = 0.25
CEDEVITA Vitaminska voda,,1.79,"1,5 l",1 l = 1.19
"OLD SPICE Gel za prhanje, 1 l",,6.99,1 l,
MILKA Čokolada,,3.29,300 g,1 kg = 10.97
MANNER Napolitanke rumovi srčki,,2.99,300 g,1 kg = 9.97
SOMAT Kapsule za strojno pomivanje posode All in 1,,12.49,100 kosov,1 kos = 0.13
SAN CARLO Čips,,1.79,150 g,1 kg = 11.93
SIMČIČ Malvazija,,4.49,"0,75 l",1 l = 5.99
Pivo Faxe Premium,,,,
Piščančji medaljoni,,3.49,475 g,1 kg = 7.35
DELUXE Aromatizirano maslo,,1.99,125 g,1 kg = 15.92
DELUXE Sladoledni desert,,3.99,360 g,1 kg = 11.08
DELUXE Makroni,,3.99,144 g (12 x 12 g),1 kg = 27.71
DELUXE Školjke Venerice,,2.99,500 g,1 kg = 5.98
DELUXE Dimljeni škotski losos v finih rezinah,,9.99,320 g,1 kg = 31.22
NAŠE NAM PAŠE Sveža jajca iz hlevske reje,,,,
OCEAN SEA Repki argentinskih rdečih kozic,,,,
NAŠE NAM PAŠE Izbrani štruklji,,,,
PEKARNA PEČJAK Makova/kokosova potica,,5.99,550 g,1 kg = 10.89
STARI ROGLJIČEK Potratna potica,,6.29,600 g,1 kg = 10.48
"MLINOTEST Orehova potica, 1 kg",,4.49,1 kg,
PEKARNA PEČJAK Pehtranova potica,,3.99,350 g,1 kg = 11.40
MLINOTEST Zlata potica,,8.99,600 g,1 kg = 14.98
PIKOK Dimljena slanina,,,,
PILOS Trajna smetana za stepanje,,,,
ŽITO Mini krof Lino Lada,,0.26,,1 kg = 10.40
MESARSTVO OBLAK Svinjski zrezki iz stegna,,2.69,500 g,1 kg = 5.38
OCEAN SEA Oslič brez glave,,,,
Lešniki,,9.99,za kg,
Mandlji,,7.99,za kg,
Z’DEŽELE Velikonočna šunka,,4.99,za kg,
MILBONA Sir Ementalec,,4.49,600 g,1 kg = 7.48
CIEN SUN Otroški sprej za sončenje,,4.99,150 ml,1 l = 33.27
CIEN SUN Sprej za sončenje,,4.99,200 ml,1 l = 24.95
CIEN SUN Balzam za ustnice,,2.99,2 kosa,1 kos = 1.50
CIEN SUN Olje za sončenje v spreju,,4.99,250 ml,1 l = 19.96
CIEN SUN Mleko za sončenje,,3.99,250 ml,1 l = 15.96
CIEN SUN Otroški losjon za po sončenju,,2.99,250 ml,1 l = 11.96
CIEN SUN Sprej za sončenje,,4.99,200 ml,1 l = 24.95
CIEN SUN Sprej za sončenje,,4.99,200 ml,1 l = 24.95
Rustikalna bageta,,,,
Mini „Calzone Margherita“,,1.19,110 g,1 kg = 10.82
ŽITO Jelenov kruh,,,,
Kapski meseček,,1.49,kos,
Cvetoča lončnica,,7.99,kos,
Metuljasta sivka,,5.99,kos,
Slovenske sadike jagod,,9.99,6 kosov v kompl.,1 kos = 1.67
"Univerzalna zemlja brez šote, 40 l",,4.99,40 l,1 l = 0.12
"Zemlja za visoke grede brez šote, 40 l",,4.99,40 l,1 l = 0.12
BEE BEAUTY Medena kopalna sol,,4.99,230 g,1 kg = 21.70
GRAJSKE MESNINE SEVNICA Sevniška salama,,25.99,za kg,
ZELENJAVA FORMINKA Ptujski Lük,,2.49,1 kg,
DOUSSY Mehčalec,,1.99,"1,65 l",1 l = 1.21
ZAJC Dvojček penin,,12.99,"2 x 0,75 l",1 l = 8.66
DANA Nektar/sok,,1.29,,
LENOR Mehčalec za perilo,,,,
Kalanhoja,,4.99,kos,
Velikonočni zajček,,4.99,kos,
Izbor velikonočnih lončnic,,1.99,kos,
Izbor velikonočnih lončnic,,2.49,kos,
Izbor velikonočnih lončnic,,2.99,kos,
Izbor velikonočnih lončnic,,3.99,kos,
Izbor velikonočnih lončnic,,5.49,kos,
Izbor velikonočnih lončnic,,3.99,kos,
Bio motovilec,,,,
DELUXE Polnjen sir „Brie“,,2.49,180 g,1 kg = 13.83
DELUXE Narezek,,3.49,120 g,1 kg = 29.08
DELUXE Goveji „Carpaccio“,,3.69,120 g,1 kg = 30.75
DELUXE Italijanski pršut „Prosciutto di Parma“,,2.79,90 g,1 kg = 31.00
DELUXE Sir „Stracciatella di Bufala“,,1.99,150 g,1 kg = 13.27
CHEF SELECT Izbor sušijev,,5.99,423 g,1 kg = 14.16
DELUXE Bresaola „Della Valtellina”,,2.69,80 g,1 kg = 33.63
DELUXE Bivolja „mozzarella“,,3.79,250 g,1 kg = 15.16
DELUXE Mortadela iz Bologne,,1.59,120 g,1 kg = 13.25
DELUXE Sir „Buffalo Burrata” s tartufi,,1.99,125 g,1 kg = 15.92
DELUXE Mortadela s tartufi,,1.99,100 g,1 kg = 19.90
DELUXE Sir „Burrata“,,1.99,125 g,1 kg = 15.92
DELUXE Premium salama v rezinah,,1.99,60/80 g,1 kg = 33.17/24.88
DELUXE Desert v kozarčku,,1.49,85 g,1 kg = 17.53
DELUXE Skutni desert,,1.49,85 g,1 kg = 17.53
DELUXE Sladica „Crème Brûlée“,,1.99,2 x 100 g,1 kg = 9.95
DELUXE Profiteroli,,1.79,180 g (2 x 90 g),1 kg = 9.94
DELUXE Desert v kozarčku,,2.29,120 g (2 x 60 g),1 kg = 19.08
DELUXE Sveže testenine „Panzerotti”,,1.79,250 g,1 kg = 7.16
DELUXE Premium pašteta,,3.79,200 g,1 kg = 18.95
DELUXE Njoki z jurčki,,1.69,400 g,1 kg = 4.23
DELUXE Desert,,2.99,500 g,1 kg = 5.98
DELUXE “Cheesecake”,,2.79,160 g (2 x 80 g),1 kg = 17.44
DELUXE Orehova potica,,4.99,500 g,1 kg = 9.98
"LUPILU Enodelna pižama za dojenčke, 2 kosa",,8.99,kompl.,1 kos = 4.50
PEPPERTS Otroški čevlji,,9.99,par,
"PEPPERTS Fantovska otroška majica s kratkimi rokavi, 2 kosa",,3.99,kompl.,1 kos = 2.00
PEPPERTS Otroške kratke hlače,,3.99,kos,
"PEPPERTS Dekliška otroška majica s kratkimi rokavi, 2 kosa",,3.99,kompl.,1 kos = 2.00
PEPPERTS Fantovske otroške kratke kavbojke,,5.99,kos,
LUPILU Fantovski čevlji za malčke,,8.99,par,
"LUPILU Pajkice za malčke, 3 kosi",,6.99,kompl.,1 kos = 2.33
LUPILU Obleka za malčke,,6.99,kos,
LUPILU Čevlji z lučkami za malčke,,9.99,par,
LUPILU Majica z dolgimi rokavi za malčke,,4.99,kos,
PARKSIDE Nadrezkar,,59.99,kos,
PARKSIDE Navijalni boben s cevjo za stisnjen zrak,,22.99,kos,
PARKSIDE Laserski merilnik razdalje,,16.99,kos,
PARKSIDE Iskalnik varovalk,,16.99,kos,
PARKSIDE Sabljasta žaga,,39.99,kos,
PARKSIDE PERFORMANCE Moške delovne kratke hlače,,10.99,kos,
PARKSIDE Moška jakna,,16.99,kos,
"PARKSIDE Komplet listov za sabljasto žago, 3-delni",,2.99,kompl.,
3M Izbor dvostranskih lepilnih trakov,,2.99,kos,
"CATERPILLAR Moške nizke delovne nogavice, 3 pari",,5.99,kompl.,1 par = 2.00
PARKSIDE Moške delovne kratke kavbojke,,11.99,kos,
"PARKSIDE Komplet klešč za kovičenje, 70-delni",,7.99,kompl.,
"CATERPILLAR Moške boksarice, 2 kosa",,7.99,kompl.,1 kos = 4.00
"PARKSIDE Talna tekoča umetna masa, 5 l",,24.99,5 l,1 l = 5.00
"3M Zaščitni trak za pleskanje, 3-delni komplet",,2.99,kompl.,
PARKSIDE Akumulatorski LED-reflektor,,6.99,kos,
PARKSIDE Magnetna letev/nosilec za orodje,,2.49,kos,
PARKSIDE Brusilnik in vrtalnik za finomehaniko,,24.99,kos,
"PARKSIDE Kovček za orodje z akumulatorskim vijačnikom, 92-delni komplet",,69.99,kompl.,
PARKSIDE PERFORMANCE Moški delovni telovnik,,15.99,kos,
"PARKSIDE Komplet vijačnih nastavkov in izvijačev, 37-delni",,8.99,kompl.,
PARKSIDE Akumulatorski spajkalnik,,9.99,kos,
"PARKSIDE Pakirni lepilni trak, 3 kosi",,2.29,kompl.,1 kos = 0.77
"PARKSIDE Majica s kratkimi rokavi, 2 kosa",,6.99,kompl.,1 kos = 3.50
PARKSIDE Delovne rokavice,,7.99,par,
PARKSIDE Transportni voziček,,49.99,kos,
"PARKSIDE Ročni brusilnik/komplet brusilnega papirja, 120-delni",,2.49,kos/kompl.,
"PARKSIDE Kovček z orodjem, 95-delni komplet",,49.99,kompl.,
PARKSIDE Izbor nasadnih ključev,,6.99,kos/kompl.,
PARKSIDE Multifunkcijsko orodje,,4.99,kos,
"PARKSIDE Komplet navojnih svedrov in rezalnikov navojev, 21-delni",,9.99,kompl.,
PARKSIDE Paralelni primež,,22.99,kos,
PARKSIDE PERFORMANCE Moška funkcijska polo majica,,7.99,kos,
PARKSIDE Izbor orodja za fino mehaniko,,4.99,kompl.,
PARKSIDE Miza za rezkalnik,,79.99,kos,
"PARKSIDE Komplet za pleskanje, 10/11-delni",,7.99,kompl.,
CRIVIT Šotor za kampiranje,,26.99,kos,
LIVARNO HOME Izbor jedilnega pribora,,1.99,kompl.,
"CRIVIT Svetilka za kampiranje, 2 v 1",,16.99,kos,
CRIVIT Žepni nož s torbico za pas,,3.99,kos,
"CRIVIT Akumulatorska črpalka/svetilka, 3 v 1",,15.99,kos,
CRIVIT Napihljiva blazina za v avto,,19.99,kos,
CRIVIT Zložljiva skleda/vedro,,3.99,kos,
CRIVIT Zatemnjen šotor za kampiranje,,54.99,kos,
CRIVIT Viseča mreža,,7.99,kos,
CRIVIT Hladilna torba,,11.99,kos,
CRIVIT Moški čevlji za prosti čas,,12.99,par,
CRIVIT Ženski čevlji za prosti čas,,12.99,par,
CRIVIT Ženski pohodni sandali,,14.99,par,
CRIVIT Električna hladilna torba,,49.99,kos,
CRIVIT Moška jopica za prosti čas,,11.99,kos,
CRIVIT Zložljivi stol za kampiranje,,9.99,kos,
CRIVIT Moška funkcijska majica s kratkimi rokavi,,3.99,kos,
"CRIVIT Hladilni nahrbtnik, pribl. 10 L",,8.99,kos,
CRIVIT Ženske kratke hlače za prosti čas,,5.99,kos,
CRIVIT Ženska funkcijska majica s kratkimi rokavi,,3.99,kos,
CRIVIT Ženska jopica za prosti čas,,11.99,kos,
"CRIVIT Komplet aluminijastih loncev/ponev, 4-delni",,26.99,kompl.,
CRIVIT Talna ponjava/zaščita pred vetrom in pogledi,,18.99,kos,
CRIVIT Moške kratke hlače za prosti čas,,5.99,kos,
CRIVIT LED žepna svetilka,,1.99,kos,
CRIVIT Moški pohodni sandali,,14.99,par,
CRIVIT Plinski kuhalnik/svetilka za kampiranje,,11.99,kos,
CRIVIT Nož/žepni nož,,4.99,kos,
GRILLMEISTER Žar na oglje v kovčku,,19.99,kos,
CRIVIT Zložljiv stol za kampiranje,,34.99,kos,
"CRIVIT Komplet posode za kampiranje, 33-delni",,8.99,kompl.,
"BRESSER Svetilka za kampiranje, 3 v 1",,9.99,kos,
LIVARNO HOME Senčno jadro,,11.99,kos,
ESMARA Ženske pajkice,,9.99,kos,
ESMARA Ženski čevlji za prosti čas,,9.99,par,
LIVERGY Moški čevlji za prosti čas,,9.99,par,
ESMARA Ženske push-up kavbojke „Super Skinny Fit“,,12.99,kos,
ESMARA Ženske hlače s širokimi hlačnicami,,8.99,kos,
LIVERGY Moške kavbojke,,11.99,kos,
ESMARA Ženska majica z dolgimi rokavi,,7.99,kos,
ESMARA Ženska bluza,,7.99,kos,
LIVERGY Moške „cargo“ kratke hlače,,7.99,kos,
LIVERGY Moška majica s kratkimi rokavi,,3.99,kos,
ESMARA Ženska majica s kratkimi rokavi,,4.99,kos,
LIVERGY Moška srajca za prosti čas,,7.99,kos,
LIVERGY Moške kratke hlače,,6.99,kos,
LIVERGY Moške „cargo“ hlače,,14.99,kos,
ČEBELARSTVO ROEMERGRUND Kočevski gozdni med ZOP,,18.99,900 g,1 kg = 21.10
OCEAN SEA File vitkega soma,6.49,6.99,900 g,1 kg = 6.87
PILOS Topljeni sir v lističih,1.75,1.89,250 g,1 kg = 7.00
Dipladenija,,3.49,kos,
Balkonska rastlina,,4.49,6 kosov v kompl.,1 kos = 0.75
Grmasta marjeta,,6.99,kos,
Calistemon/dipladenija,,7.99,kos,
CHEF SELECT Izbor sušijev,,5.99,423 g,1 kg = 14.16
DELUXE Sir z gobami,,2.99,200 g,1 kg = 14.95
DELUXE „Black Angus Bresaola”,,2.99,80 g,1 kg = 37.38
DELUXE Norveški dimljeni losos,,4.29,100 g,1 kg = 42.90
DELUXE Sir Camembert,,2.79,250 g,1 kg = 11.16
DELUXE Dimljena panceta,,3.49,180 g,1 kg = 19.39
DELUXE Salama v rezinah,,1.99,80 g,1 kg = 24.88
DELUXE Italijanski pršut „Prosciutto di Parma“,,2.79,90 g,1 kg = 31.00
Velikonočni kruh,,2.49,400 g,1 kg = 6.23
DELUXE Bresaola,,2.59,80 g,1 kg = 32.38
DELUXE Mortadela s tartufi,,1.99,100 g,1 kg = 19.90
DELUXE Kraški zašink v rezinah,,1.99,100 g,1 kg = 19.90
DELUXE Polnjeni njoki,,1.99,500 g,1 kg = 3.98
DELUXE Sveže jajčne testenine,,1.59,250 g,1 kg = 6.36
DELUXE Italijanski sir „Grana Padano Riserva“,,3.99,200 g,1 kg = 19.95
DELUXE Italijansko ekstra deviško oljčno olje,,9.99,750 ml,1 l = 13.32
DELUXE Kremni sirni namaz,,2.19,90/100 g,1 kg = 24.33/21.90
DELUXE Sir „Stracciatella di Bufala“,,1.99,150 g,1 kg = 13.27
Barvni krofi,,2.99,360 g,1 kg = 8.31
DELUXE Orehova potica,,4.99,500 g,1 kg = 9.98
DELUXE Izbor baklav,,3.49,250 g,1 kg = 13.96
DELUXE Čokoladni desert v kozarčku,,2.29,120 g (2 x 60 g),1 kg = 19.08
DELUXE Sveži makroni,,3.99,144 g (12 x 12 g),1 kg = 27.71
DELUXE Oreščki v mlečni čokoladi,,2.99,175 g,1 kg = 17.09
DELUXE Sir „Buffalo Burrata” s tartufi,,1.99,125 g,1 kg = 15.92
DELUXE Sveže testenine „Panzerotti”,,1.79,250 g,1 kg = 7.16
DELUXE Sir Burrata,,1.99,125 g,1 kg = 15.92
DELUXE Testenine „Tagliolini“,,1.79,250 g,1 kg = 7.16
DELUXE Sladica v kozarcu z dobljencem,,1.79,100 g,1 kg = 17.90
DELUXE Sadni namaz,,1.69,250 g,1 kg = 6.76
MARLENKA Medene kroglice,,5.99,235 g,1 kg = 25.49
DELUXE Sladica „Crème Brûlée“,,1.99,200 g (2 x 100 g),1 kg = 9.95
DELUXE Sadje oblito s čokolado,,2.79,100 g,1 kg = 27.90
DELUXE Mandlji obliti s čokolado,,2.49,100 g,1 kg = 24.90
CONFISERIE FIRENZE Čokoladni mafini,,2.99,375 g,1 kg = 7.97
DELUXE Premium sladoled,,3.79,900 ml,1 l = 4.21
DELUXE Sladoledni desert,,4.99,540 ml,1 l = 9.24
DELUXE Desert v kozarčku,,1.49,85 g,1 kg = 17.53
NOSTJA Izbor predjedi,,1.59,130 g,1 kg = 12.23
NOSTJA Dimljena budjola,,12.99,za kg,
NOSTJA Zavitki z vanilijevim polnilom,,2.49,680 g,1 kg = 3.66
NOSTJA Dalmatinska klobasa,,2.79,200 g,1 kg = 13.95
NOSTJA Figov ekstra džem,,1.99,240 g,1 kg = 8.29
WINEMAKERS OF CROATIA Belo vino „Graševina“,,3.49,"0,75 l",1 l = 4.65
NOSTJA Zavitek s sirom,,3.99,1 kg,
NOSTJA Kefir,,1.49,1 kg,
NOSTJA Livanjski sir,,4.49,300 g,1 kg = 14.97
NOSTJA Namaz „Lutenica“,,1.59,310 g,1 kg = 5.13
NOSTJA Zavitki iz testa,,3.99,1 kg,
NOSTJA Jogurt,,2.69,530 g,1 kg = 5.08
NOSTJA Pindžur,,3.59,540 g,1 kg = 6.65
WINEMAKERS OF CROATIA Rdeče vino „Plavac“,,3.99,"0,75 l",1 l = 5.32
NOSTJA Zavitki z mleto govedino,,3.99,1 kg,
NOSTJA Dalmatinski trojni narezek,,2.69,150 g,1 kg = 17.93
TAKOVO Eurocrem blok,,0.59,80 g,1 kg = 7.38
NOSTJA Trojni narezek,,4.99,300 g,1 kg = 16.63
NOSTJA Sladica „Tulumba“,,2.99,500 g,1 kg = 5.98
NOSTJA Kajmak,,1.99,200 g,1 kg = 9.95
NOSTJA Rdeča koničasta paprika,,1.99,500 g,1 kg = 3.98
ZALOŽBA GRAHOVAC Moja prva pobarvanka 2+ (medo),,2.99,kos,
MLADINSKA KNJIGA 100 Najlepših sobnih rastlin,,7.99,kos,
CURAPROX Zobna ščetka soft,,5.69,kos,
KRAŠ Frondi vaflji,,2.29,250 g,1 kg = 9.16
MLADINSKA KNJIGA Mala knjiga velikega hujšanja,,7.99,kos,
MLADINSKA KNJIGA Pritisni tu! Masaža za začetnike,,7.99,kos,
MLADINSKA KNJIGA Razstrupimo in okrepimo jetra in žolč,,7.99,kos,
MLADINSKA KNJIGA Refleksologija za začetnike,,7.99,kos,
MLADINSKA KNJIGA Reiki za začetnike,,7.99,kos,
MLADINSKA KNJIGA Sadje z domačega vrta,,7.99,kos,
MLADINSKA KNJIGA Vzgoja brez oštevanja,,7.99,kos,
MLADINSKA KNJIGA Zelenjavni vrt - nič lažjega,,7.99,kos,
MLADINSKA KNJIGA Ustavimo staranje - rd,,7.99,kos,
MLADINSKA KNJIGA Vadba za možgane,,7.99,kos,
MLADINSKA KNJIGA Brezčasna potepanja,,7.99,kos,
MLADINSKA KNJIGA Čuječnost za starše,,7.99,kos,
MLADINSKA KNJIGA Odrešitev,,7.99,kos,
MLADINSKA KNJIGA Najlepše stvari so blizu,,7.99,kos,
MLADINSKA KNJIGA Skrivnostno življenje gliv,,7.99,kos,
ZALOŽBA GRAHOVAC Moja prva pobarvanka 2+ (riba),,2.99,kos,
ZALOŽBA GRAHOVAC Moja prva pobarvanka 3+ (mucek),,2.99,kos,
ZALOŽBA GRAHOVAC Moja prva pobarvanka 3+ (vlak),,2.99,kos,
"ZALOŽBA GRAHOVAC Pobarvaj 50 stvari, 2+",,2.99,kos,
"ZALOŽBA GRAHOVAC Pobarvaj 100 stvari, 3+",,2.99,kos,
"ZALOŽBA GRAHOVAC Pobarvaj 200 stvari, 4+",,2.99,kos,
"ZALOŽBA GRAHOVAC Pobarvaj 300 stvari, 5+",,2.99,kos,
"ZALOŽBA GRAHOVAC Kosmati prijatelji za vedno, Mucki",,2.99,kos,
"ZALOŽBA GRAHOVAC Kosmati prijatelji za vedno, Kužki",,2.99,kos,
"ZALOŽBA GRAHOVAC Kosmati prijatelji za vedno, Zajčki",,2.99,kos,
"ZALOŽBA GRAHOVAC Kosmati prijatelji za vedno, Konji",,2.99,kos,
"ZALOŽBA GRAHOVAC Povezujem pike, Kmetija 4+",,2.99,kos,
"ZALOŽBA GRAHOVAC Povezujem pike, Samorogi 5+",,2.99,kos,
"ZALOŽBA GRAHOVAC Povezujem pike, Na pomoč! 6+",,2.99,kos,
"ZALOŽBA GRAHOVAC Povezujem pike, Dogodivščnam naproti! 7+",,2.99,kos,
ZALOŽBA GRAHOVAC Čarobna odštevanja,,2.99,kos,
ZALOŽBA GRAHOVAC Čarobna seštevanja,,2.99,kos,
"ZALOŽBA GRAHOVAC Poišči in prilepi 101 svar, Policisti in gasilci",,2.99,kos,
"ZALOŽBA GRAHOVAC Poišči in prilepi 101 stvar, Živali na kmetiji",,2.99,kos,
"ZALOŽBA GRAHOVAC Poišči in prilepi 101 stvar, Vozila",,2.99,kos,
"ZALOŽBA GRAHOVAC Poišči in prilepi 101 stvar, Hišni ljubljenčki",,2.99,kos,
"ZALOŽBA GRAHOVAC Poišči in prilepi, Velika noč",,2.99,kos,
"ZALOŽBA GRAHOVAC Ustvarjanje iz papirja, Živali na kmetiji",,2.99,kos,
"ZALOŽBA GRAHOVAC Ustvarjanje iz papirja, Gozdne živali",,2.99,kos,
"ZALOŽBA GRAHOVAC Lepimo, barvamo, Hišni ljubljenčki 2+",,2.99,kos,
"ZALOŽBA GRAHOVAC Lepimo, barvamo, Kmetija, 2+",,2.99,kos,
"ZALOŽBA GRAHOVAC Lepimo, Barvamo, Gasilci 3+",,2.99,kos,
"ZALOŽBA GRAHOVAC Lepimo, barvamo, Konji in poniji",,2.99,kos,
ZALOŽBA GRAHOVAC Moje prve barve z Lonijem,,2.99,kos,
ZALOŽBA GRAHOVAC Moje prve oblike z Bobijem,,2.99,kos,
ZALOŽBA GRAHOVAC Moje prve številke s Katjo,,2.99,kos,
ZALOŽBA GRAHOVAC Moja prva nasprotja z Lucijo,,2.99,kos,
ZALOŽBA GRAHOVAC Mini pravljice Pepelka,,2.99,kos,
ZALOŽBA GRAHOVAC Mini pravljice Trije prašički,,2.99,kos,
ZALOŽBA GRAHOVAC Mini pravljice Grdi raček,,2.99,kos,
ZALOŽBA GRAHOVAC Mini pravljice Obuti maček,,2.99,kos,
ZALOŽBA GRAHOVAC Vesela velika noč!,,2.99,kos,
"SUPER ZALOŽBA Žepnica Kamp skrivnosti: prvo poletje, 1. del",,14.99,,
"SUPER ZALOŽBA Žepnica Od padca do skrivalnic: prvo poletje, 2. del",,14.99,,
"SUPER ZALOŽBA Žepnica Igre življenja: prvo poletje, 3. del",,14.99,,
SUPER ZALOŽBA Predzgodba: Dan pred poletjem,,10.0,,
"SUPER ZALOŽBA Epizodna knjižica Kamp skrivnosti: prvo poletje, 1. del",,4.0,,
"SUPER ZALOŽBA Epizodna knjižica Nevihta na obzorju: prvo poletje, 2. del",,4.0,,
"SUPER ZALOŽBA Epizodna knjižica Nove romance: prvo poletje, 3. del",,4.0,,
"SUPER ZALOŽBA Epizodna knjižica Spletke: prvo poletje, 4. del",,4.0,,
"SUPER ZALOŽBA Epizodna knjižica Skrita srečanja: prvo poletje, 5. del",,4.0,,
"SUPER ZALOŽBA Epizodna knjižica Padec: prvo poletje, 6. del",,4.0,,
SUPER ZALOŽBA Knjiga receptov: TV recepti za vso družino,,6.99,,
MILBONA Ribani sir ementalec,2.45,2.59,250 g,1 kg = 9.80
LORD NELSON Črni čaj,0.95,0.99,"50 x 1,75 g",1 kos = 0.02
FRESHONA Breskov kompot,2.09,2.19,850 ml,1 l = 2.46
DELUXE Pacifiški losos v listnatem testu,,7.99,750 g,1 kg = 10.65
Mini velikonočna jajčka s polnili,,6.49,120 g,1 kg = 54.08
Velikonočna jajčka iz mlečne čokolade,,4.49,100 g,1 kg = 44.90
Disney Mix - keksi s koščki čokolade,,1.69,10 g,1 kg = 169.00
PAW PATROL Vrečka presenečenja,,6.99,396 g,1 kg = 17.65
PAW PATROL/PEPPA PIG Velikonočno jajce iz mlečne čokolade,,6.99,120 g,1 kg = 58.25
Jajčka iz mlečne čokolade,,2.49,128 g,1 kg = 19.45
OVETTI Nutty Crunchy Caramel,,1.69,90 g,1 kg = 18.78
WONKANDY Sladkorne penice,,2.29,70 g,1 kg = 32.71
"FIZZY Trdi bonbon, lizika in žele figurica",,1.49,65 g,1 kg = 22.92
FIZZY Praline iz mlečne čokolade in plišasta igračka,,7.99,kompl.,
FIZZY Plišasta igračka s čokoladnimi bonboni,,9.99,kompl.,
OVETTI Mala jajčka iz mlečne čokolade z lešnikovo kremo,,2.99,80 g,1 kg = 37.38
Venček,,1.49,300 g,1 kg = 4.97
DELUXE Narezek,,6.99,210 g,1 kg = 33.29
DELUXE Mandlji v čokoladi,,4.99,200 g,1 kg = 24.95
DELUXE Mehki sir „Crémeux de Normandie“,,2.49,150 g,1 kg = 16.60
DELUXE Izbor francoskih sirov,,5.99,300 g,1 kg = 19.97
PRIMADONNA Ekstra deviško špansko oljčno olje,,5.99,500 ml,1 l = 11.98
J.D. GROSS Belgijske praline,,3.99,250 g,1 kg = 15.96
DELUXE Kraški pršut,,2.99,100 g,1 kg = 29.90
DELUXE Prleška tünka,,11.99,za kg,
DELUXE Mešanica morskih sadežev,,3.49,300 g,1 kg = 11.63
FAVORINA Čokoladne lizike,,1.99,150 g,1 kg = 13.27
FAVORINA Veganski zajčki/jajčka,,1.49,225 g,1 kg = 6.62
FAVORINA Čokoladni zajček,,3.49,200 g,1 kg = 17.45
FAVORINA Marcipanova jajčka,,2.99,200 g,1 kg = 14.95
FAVORINA Velikonočni zajček s pentljo in srčkom,,2.99,150 g,1 kg = 19.93
FAVORINA Polnjene praline,,2.99,200 g,1 kg = 14.95
DUPLO Čokoladno jajce,,3.99,100 g,1 kg = 39.90
KINDER Izbor čokolad z igračo,,9.99,133 g,1 kg = 75.11
Zelene lončnice,,4.99,kos,
Trajnice,,5.99,6 kosov v kompl.,1 kos = 1.00
Krizanteme,,3.99,kos,
Pelargonije,,4.99,6 kosov v kompl.,1 kos = 0.84
Citrusi,,14.99,kos,
Sadike jagod,,3.99,6 kosov v kompl.,1 kos = 0.67
DELUXE Obroč iz repkov kozic,,5.99,300 g,1 kg = 19.97
DELUXE Norveški losos s pistacijami,,4.29,100 g,1 kg = 42.90
DELUXE Britanski zorjeni sir „Cheddar”,,2.99,250 g,1 kg = 11.96
CHEF SELECT Izbor predjedi,,4.49,400 g,1 kg = 11.23
DELUXE Goveji „Carpaccio“,,3.69,120 g,1 kg = 30.75
DELUXE Čokoladni „soufflé“,,2.49,200 g (2 x 100 g),1 kg = 12.45
DELUXE Kolač „Cheesecake“ s pistacijo,,5.99,450 g,1 kg = 13.31
DELUXE Namaz z lešniki in pistacijami,,3.99,190 g,1 kg = 21.00
DELUXE Italijanski sir „Pecorino Romano“,,3.99,200 g,1 kg = 19.95
DELUXE Italijanski pršut „Prosciutto di Parma“,,2.79,90 g,1 kg = 31.00
DELUXE Italijanski pršut „San Daniele“,,2.99,90 g,1 kg = 33.22
DELUXE Bresaola „Della Valtellina”,,2.69,80 g,1 kg = 33.63
DELUXE Narezek,,2.49,120 g,1 kg = 20.75
DELUXE Izbor gob,,2.49,250/350 g,1 kg = 9.96/7.11
DELUXE Steak rumenoplavutega tuna,,4.99,250 g,1 kg = 19.96
DELUXE Maslo z morsko soljo,,2.89,250 g,1 kg = 11.56
DELUXE Premium salama v rezinah,,1.99,60/80 g,1 kg = 33.17/24.88
DELUXE Bivolja „mozzarella“,,3.79,250 g,1 kg = 15.16
DELUXE Premium jetrna pašteta,,2.99,220 g,1 kg = 13.59
DELUXE Vojvodinjin krompir,,1.79,600 g,1 kg = 2.98
DELUXE Balzamični kis iz Modene,,3.49,250 ml,1 l = 13.96
DELUXE Polnjene sveže testenine „Tortelloni“,,1.59,250 g,1 kg = 6.36
DELUXE Sveže testenine „Ravioli“,,1.79,250 g,1 kg = 7.16
DELUXE Valjani rezanci,,2.19,500 g,1 kg = 4.38
DELUXE Sveže testenine „Panzerotti”,,1.79,250 g,1 kg = 7.16
DELUXE Njoki z jurčki,,1.69,400 g,1 kg = 4.23
DELUXE Pica,,2.99,325 g,1 kg = 9.20
DELUXE „Cheesecake”,,2.79,160 g (2 x 80 g),1 kg = 17.44
PAMPERS Premium care plenice,,18.95,60 kosov,1 kos = 0.32
DELUXE Piškoti brez glutena,,2.49,150 g,1 kg = 16.60
PALMOLIVE Gel za prhanje,,4.79,500 ml,1 l = 9.58
DELUXE Premium sladoled v plasteh,,2.99,370 g,1 kg = 8.08
DELUXE Premium krompirjev čips,,1.99,100 g,1 kg = 19.90
ALESTO Indijski oreščki z dodatki,,1.79,80 g,1 kg = 22.38
DELUXE Premium smetanova torta,,6.49,750 g,1 kg = 8.65
DELUXE Trikotniki iz listnatega testa,,1.49,65 g,1 kg = 22.92
DELUXE Čokoladni dražeji s sadjem,,1.49,100 g,1 kg = 14.90
DELUXE Skutni desert,,1.49,85 g,1 kg = 17.35
DELUXE Premium sladoled,,3.79,900 ml,1 l = 4.21
Rumeni donut s posipom,,0.49,54 g,1 kg = 9.07
DELUXE Čips,,1.49,150 g,1 kg = 9.93
DELUXE Ročno izdelana čokolada,,2.99,100 g,1 kg = 29.90
DELUXE Čokoladni pralineji,,4.49,185 g,1 kg = 24.27
DELUXE Profiteroli,,1.79,180 g (2 x 90 g),1 kg = 9.94
DELUXE Sladica „Crème Brûlée“,,1.99,200 g (2 x 100 g),1 kg = 9.95
DELUXE Tiramisu,,2.99,300 g,1 kg = 9.97
DELUXE Desert v kozarčku,,2.29,120 g (2 x 60 g),1 kg = 19.08
DELUXE Domači želodec z desko,,7.49,500 g,1 kg = 14.98
DULANO Schwarzwaldska slanina,,15.98,za kg,
CIEN Šampon za lase,,1.49,1 l,
BARESA Sušeni paradižniki v olju,1.25,1.29,285 g,1 kg = 4.39
MILBONA Pripravek iz posnetega mleka in palminega olja,4.99,5.19,800 g,1 kg = 6.24
DELUXE Sladica „Crème Brûlée“,,1.99,200 g (2 x 100 g),1 kg = 9.95
DELUXE Marinirane kozice,,6.99,400 g,1 kg = 17.48
DELUXE Akacijev med,,6.99,500 g,1 kg = 13.98
DELUXE Avokadovo olje,,4.49,250 ml,1 l = 17.96
DELUXE Vanilijev strok,,2.99,2 stroka,1 strok = 1.50
DELUXE Britanski zorjeni sir „Cheddar”,,2.99,250 g,1 kg = 11.96
DELUXE Maslo z morsko soljo,,2.89,250 g,1 kg = 11.56
DELUXE Trikotniki iz listnatega testa,,1.49,65 g,1 kg = 22.92
DELUXE Sir „Stracciatella di Bufala“,,1.99,150 g,1 kg = 13.27
DELUXE Sir „Burrata“,,1.99,125 g,1 kg = 15.92
DELUXE Bivolja „mozzarella“,,3.79,250 g,1 kg = 15.16
DELUXE „Cheesecake”,,2.79,160 g (2 x 80 g),1 kg = 17.44
DELUXE Čili,,1.99,170 g,1 kg = 11.71
DELUXE Čokoladni desert v kozarčku,,2.29,120 g (2 x 60 g),1 kg = 19.08
DELUXE Čokoladni dražeji s sadjem,,1.49,100 g,1 kg = 14.90
DELUXE Vojvodinjin krompir,,1.79,600 g,1 kg = 2.98
DELUXE Mlinček z začimbami,,1.49,40-55 g,1 kg = 37.25-27.09
DELUXE Sadni namaz,,1.69,250 g,1 kg = 6.76
DELUXE Sadno-zeliščni čaj,,1.49,"37,5 g",1 kg = 39.73
DELUXE Sladica „Pastel de Nata“,,2.29,240 g,1 kg = 9.54
DELUXE Njoki,,1.99,500 g,1 kg = 3.98
DELUXE Pršut s posipom iz tarfufov,,2.99,100 g,1 kg = 29.90
DELUXE Valjani rezanci,,2.19,500 g,1 kg = 4.38
DELUXE Zeleni šparglji,,2.49,370 ml,1 l = 6.73
DELUXE Sladek namaz,,1.99,190 g,1 kg = 10.47
DELUXE Paradižnikova omaka,,1.49,350 g,1 kg = 4.26
DELUXE Balzamični kis iz Modene,,3.49,250 ml,1 l = 13.96
DELUXE Profiteroli,,1.79,180 g (2 x 90 g),1 kg = 9.94
DELUXE Skutni desert,,1.49,85 g,1 kg = 17.53
DELUXE Sadje oblito s čokolado,,2.79,100 g,1 kg = 27.90
DELUXE Sladoledni desert,,4.99,540 ml,1 l = 9.24
DELUXE Premium sladoled,,3.79,900 ml,1 l = 4.21
KANIA Gorčica z dodatki,,1.59,225-270 g,1 kg = 7.07-5.89
SONDEY Piškoti,,2.49,150 g,1 kg = 16.60
DELUXE Majoneza s tartufi,,1.99,180 g,1 kg = 11.06
DELUXE Marinirani morski sadeži,,3.49,300 g,1 kg = 11.63
DELUXE Mini „Cheesecake“ tortice,,3.99,180 g (6 x 30 g),1 kg = 22.17
DELUXE Mortadela iz Bologne,,1.59,120 g,1 kg = 13.25
DELUXE Oreščki v mlečni čokoladi,,2.99,175 g,1 kg = 17.09
DELUXE Grško oljčno olje „ Chania Kritis“ s Krete,,10.99,750 ml,1 l = 14.65
DELUXE Grško oljčno olje „ Chania Kritis“ s Krete,,8.99,500 ml,1 l = 17.98
DELUXE Italijanski pršut „Prosciutto di Parma“,,2.79,90 g,1 kg = 31.00
DELUXE Kolač „Colomba“ s pistacijevim polnilom,,6.99,750 g,1 kg = 9.32
DELUXE Sveže testenine „Panzerotti”,,1.79,250 g,1 kg = 7.16
DELUXE Sir „Parmigiano Reggiano”,,19.99,850 g,1 kg = 23.52
DELUXE Premium pašteta,,3.79,200 g,1 kg = 18.95
DELUXE Premium pistacijeva krema,,4.69,190 g,1 kg = 24.68
DELUXE Polnjene sveže testenine „Ravioli“,,1.79,250 g,1 kg = 7.16
DELUXE Zorjeni sir z modro plesnijo „Blue Stilton“,,6.99,454 g,1 kg = 15.40
DELUXE Sušena salama,,2.79,70 g,1 kg = 39.86
DELUXE Premium salama v rezinah,,1.99,60/80 g,1 kg = 33.17/24.88
FRESHONA Zelenjavna mešanica,,1.49,750 g,1 kg = 1.99
DELUXE Avstralski kengurujevi steaki,,5.99,300 g,1 kg = 19.97
DELUXE Izbor gob,,2.49,250/350 g,1 kg = 9.96/7.11
DELUXE Pica,,2.99,325/340 g,1 kg = 9.20/8.79
DELUXE Testenine „Tagliolini“,,1.79,250 g,1 kg = 7.16
DELUXE Švicarski sir „Tête de Moine“,,12.99,400 g,1 kg = 32.48
DELUXE Premium narezek,,2.99,100 g,1 kg = 29.90
DELUXE Ekstra deviško oljčno olje z začimbami,,4.49,250 ml,1 l = 17.96
DELUXE Omaka „Pesto“,,1.99,190 g,1 kg = 10.47
DELUXE Polnjene sveže testenine „Tortelloni“,,1.59,250 g,1 kg = 6.36
DELUXE Premium salama v rezinah,,1.99,60/80 g,1 kg = 33.17/24.88
DELUXE Kuhane rdeče kozice,,6.99,400 g,1 kg = 17.48
DELUXE Sveže testenine „Panzerotti”,,1.79,250 g,1 kg = 7.16
DELUXE Mini pita,,2.99,180/200 g,1 kg = 16.61/14.95
DELUXE Premium sladoled v plasteh,,2.99,370 g,1 kg = 8.08
DELUXE Sladoled „Mochi“,,3.99,180 g (6 x 30 g),1 kg = 22.17
SNACK DAY Čips,,1.29,125 g,1 kg = 10.32
DELUXE Mehki nougat,,1.19,75 g,1 kg = 15.87
DELUXE Mešanice za popestritev kavnega napitka,,1.99,90 g,1 kg = 22.11
DELUXE Školjke jakobove pokrovače,,6.49,150 g,1 kg = 43.27
DELUXE Kaviar iz iker šarenke,,3.79,50 g,1 kg = 75.80
DELUXE Narezek,,3.49,120 g,1 kg = 29.08
DELUXE Bresaola „Della Valtellina”,,2.69,80 g,1 kg = 33.63
DELUXE Maslo s tartufi,,2.49,80 g,1 kg = 31.13
DELUXE Sir „Camembert“,,2.79,250 g,1 kg = 11.16
DELUXE Premium izbor čokoladnih pralinejev,,3.99,130 g,1 kg = 30.69
DELUXE Čili v mlinčku,,1.99,22/32 g,1 kg = 90.45/ 62.19
DELUXE Desert v kozarčku,,2.29,2 x 60 g,1 kg = 19.08
DELUXE Sveži makroni,,3.99,144 g (12 x 12 g),1 kg = 27.71
DELUXE Testenine Fusilloni,,1.69,500 g,1 kg = 3.38
DELUXE Posušeni jurčki,,1.99,20 g,1 kg = 99.50
DELUXE Sušeni paradižniki z rožmarinom,,1.99,212 ml,1 l = 9.39
DELUXE Začimbe v lončku,,2.49,20-100 g,1 kg = 124.50–24.90
DELUXE Italijanski sir „Grana Padano”,,3.99,200 g,1 kg = 19.95
DELUXE Čaj,,3.99,80-100 g,1 kg = 49.88-39.90
DELUXE Čips,,1.49,150 g,1 kg = 9.93
DELUXE Omaka „Pesto“,,1.99,190 g,1 kg = 10.47
DELUXE Italijansko fino pecivo,,1.99,200 g,1 kg = 9.95
DELUXE Pršut „Prosciutto Crudo”,,2.89,100 g,1 kg = 28.90
DELUXE Španski pršut „Serrano Gran Reserva“,,1.99,70 g,1 kg = 28.43
DELUXE Kandirane pomaranče v temni čokoladi,,2.99,150 g,1 kg = 19.93
DELUXE Njoki z jurčki,,1.69,400 g,1 kg = 4.23
DELUXE Izbor pralin s polnilom,,3.99,185 g,1 kg = 21.57
DELUXE Premium vanilijev sladoled,,3.79,900 ml,1 l = 4.21
DELUXE Steak rumeno-plavutega tuna,,4.99,250 g,1 kg = 19.96
CONFISERIE FIRENZE Polnjeni vaflji,,2.99,320 g (4 x 80 g),1 kg = 9.34
DELUXE Italijansko ekstra deviško oljčno olje,,9.99,750 ml,1 l = 13.32
DELUXE Mortadela s tartufi,,1.99,100 g,1 kg = 19.90
DELUXE Izbor premium paštet,,2.59,200 g,1 kg = 12.95
SNACK DAY Krekerji,,1.99,100 g,1 kg = 19.90
DELUXE Makroni,,3.99,145 g,1 kg = 27.52
DELUXE Premium smetanova torta,,6.49,750 g,1 kg = 8.65
DELUXE Francoski sir z modro plesnijo „Roquefort”,,2.29,100 g,1 kg = 22.90
DELUXE Narezek,,2.49,120 g,1 kg = 20.75
DELUXE Mlinček s soljo,,3.39,70/180 g,1 kg = 48.43/18.83
DELUXE Desert v kozarčku,,1.49,85 g,1 kg = 17.53
DELUXE Čokoladne tortice „Lava cake“,,2.29,180 g (2 x 90 g),1 kg = 12.72
DELUXE Mandlji obliti s čokolado,,2.49,100 g,1 kg = 24.90
DELUXE Jurčki v kockah,,2.99,300 g,1 kg = 9.97
FRESHONA Zelenjavna mešanica,,1.99,750 g,1 kg = 2.65
DELUXE „Focaccia Farcita“,,3.49,330 g,1 kg = 10.58
DELUXE Pica s figami in tremi siri,,2.99,360 g,1 kg = 8.31
DELUXE „Tartufo“ sladoledni desert,,1.99,190 g,1 kg = 10.47
DELUXE Tuna v ekstra deviškem oljčnem olju,,4.99,300 g,1 kg = 16.63
DELUXE Čokoladni pralineji,,4.99,200 g,1 kg = 24.95
DELUXE Tartufata,,7.99,90 g,1 kg = 88.78
DELUXE Profiteroli s pistacijevim polnilom,,4.99,500 g,1 kg = 9.98
DELUXE Salama v rezinah,,1.99,80 g,1 kg = 24.88
DELUXE Sir s tartufi,,2.99,150 g,1 kg = 19.93
DELUXE Goveji „Carpaccio“,,3.69,120 g,1 kg = 30.75
DELUXE Olje za pomakanje,,2.19,125 ml,1 l = 17.52
DELUXE Italijanski pršut „Prosciutto di Parma“,,2.79,90 g,1 kg = 31.00
DELUXE Sladica „Crème Brûlée“,,1.99,2 x 100 g,1 kg = 9.95
FAVORINA Figura s čokoladnimi bonboni,,2.99,200 g,1 kg = 14.95
FAVORINA Velikonočni zajec,,3.99,200 g,1 kg = 19.95
FAVORINA Čokoladni dražeji,,3.99,200 g,1 kg = 19.95
FAVORINA Polnjena čokoladna jajčka,,2.49,150 g,1 kg = 16.60
FAVORINA Veganski zajčki/jajčka,,1.49,225 g,1 kg = 6.62
FAVORINA Gumijevi bonboni,,0.99,200 g,1 kg = 4.95
FAVORINA Mandlji,,2.99,200 g,1 kg = 14.95
FAVORINA Polnjene praline,,2.99,200 g,1 kg = 14.95
FAVORINA Veganski gumijevi bonboni,,3.49,600 g,1 kg = 5.82
SWEET CORNER Gumijevi bonboni,,3.49,600 g,1 kg = 5.82
FAVORINA Penasti bonboni,,1.49,200 g,1 kg = 7.45
FAVORINA Marcipanova jajčka,,2.99,200 g,1 kg = 14.95
FAVORINA Mini velikonočna figura,,0.99,50 g,1 kg = 19.80
FAVORINA Pojoča plišasta igrača,,14.99,kompl.,
FAVORINA Čokoladni pralineji,,4.99,250 g,1 kg = 19.96
FAVORINA Žele bonboni,,1.19,250 g,1 kg = 4.76
FAVORINA Polnjena čokoladna jajčka,,2.49,180 g,1 kg = 13.83
FAVORINA Polnjena čokoladna jajčka,,2.79,144 g (4 x 36 g),1 kg = 19.38
FAVORINA Čokoladna jajčka,,9.99,750 g,1 kg = 13.32
FAVORINA Keksi,,4.99,600 g,1 kg = 8.32
FAVORINA Čokoladni zajčki,,2.49,125 g,1 kg = 19.92
FAVORINA Velikonočni čokoladni izbor,,3.49,250 g,1 kg = 13.96
FAVORINA Velikonočni kolač „Colomba“,,6.99,1 kg,
FAVORINA Velikonočno čokoladno jajce,,1.49,65 g,1 kg = 22.92
FAVORINA Čokoladni denar,,1.79,150 g,1 kg = 11.93
FAVORINA Votla čokoladna jajčka,,5.99,400 g,1 kg = 14.98
FAVORINA Čokoladna kokoš v gnezdu,,5.99,250 g,1 kg = 23.96
FAVORINA Mlečna čokolada,,1.19,100 g,1 kg = 11.90
FAVORINA Čokoladni zajček,,1.99,100 g,1 kg = 19.90
FAVORINA Čokoladni zajček,,3.49,200 g,1 kg = 17.45
FAVORINA Mali velikonočni zajček,,1.19,50 g,1 kg = 23.80
FAVORINA Velikonočni zajček s pentljo in srčkom,,2.99,150 g,1 kg = 19.93
FAVORINA Čokoladni zajček,,1.99,125 g,1 kg = 15.92
FAVORINA Vafljeva jajčka,,2.29,250 g,1 kg = 9.16
FAVORINA Velikonočna skodelica s čokolado,,4.99,kompl.,
FAVORINA Plišasta igrača s čokolado in gumijevi bonboni,,5.99,kompl.,
DELUXE „Black Angus Bresaola”,,2.99,80 g,1 kg = 37.38
DELUXE Sladica v kozarcu,,1.79,100 g,1 kg = 17.90
DELUXE Desert,,2.99,500 g,1 kg = 5.98
J.D. GROSS Čokolada na dubajski način,,4.99,126 g,1 kg = 39.60
DELUXE Dimljena panceta,,3.49,180 g,1 kg = 19.39
DELUXE Sveže jajčne testenine,,1.59,250 g,1 kg = 6.36
DELUXE Kremni sirni namaz,,2.19,90/100 g,1 kg = 24.33/21.90
DELUXE Polnjeni prigrizki,,1.39,60 g,1 kg = 23.17
DELUXE Zelenjavni čips,,1.59,100 g,1 kg = 15.90
DELUXE Grisini,,1.79,250 g,1 kg = 7.16
DELUXE „Soufflé“,,2.49,200 g (2 x 100 g),1 kg = 12.45
DELUXE Himalajska kamena sol,,3.99,420 g,1 kg = 9.50
DELUXE Losos v listnatem testu,,3.99,300 g,1 kg = 13.30
MARLENKA Medene kroglice,,5.99,235 g,1 kg = 25.49
DELUXE Izbor gob,,2.49,314 ml,1 l = 7.93
DELUXE Kremni liker s pistacijo,,7.99,"0,5 l",1 l = 15.98
DELUXE „Cheesecake“,,6.49,480 g,1 kg = 13.52
DELUXE Mini klobasice „Kabanossi“,,1.19,80 g,1 kg = 14.88
DELUXE Fileji sardona,,5.99,230 g,1 kg = 26.04
DELUXE Bučno olje,,4.99,250 ml,1 l = 19.96
CHEF SELECT Majoneza z okusom tartufov,,2.99,200 g,1 kg = 14.95
DELUXE Mehki nougat,,1.79,100 g,1 kg = 17.90
DELUXE Kandirane limone v temni čokoladi,,2.69,150 g,1 kg = 17.93
FAVORINA Čokoladne lizike,,1.99,150 g,1 kg = 13.27
FAVORINA Velikonočni čokoladni izbor,,5.99,kompl.,
FAVORINA Velikonočne čokoladne figurice,,1.99,100 g,1 kg = 19.90
FAVORINA Čokoladna jajčka,,2.99,200 g,1 kg = 14.95
FAVORINA Plišasta igrača s čokolado,,9.99,kompl.,
FIZZY FARMER Penasti desert na palčki,,0.99,35 g,1 kg = 28.29
FAVORINA Masleni piškoti,,6.99,750 g,1 kg = 9.32
FAVORINA Marcipanovo jajce,,1.69,100 g,1 kg = 16.90
FAVORINA Velikonočne figure,,1.99,"62,5 g",1 kg = 31.84
FAVORINA Čokoladna lizika,,0.99,20 g,1 kg = 49.50
FAVORINA Velikonočna košarica s čokoladnim izborom,,5.99,kompl.,
FAVORINA Polnjeni pralineji,,1.99,200 g,1 kg = 9.95
FAVORINA Čokoladno jajce s presenečenjema,,3.99,250 g,1 kg = 15.96
FAVORINA Čokoladna jajčka z marcipanom,,1.99,125 g,1 kg = 15.92
DELUXE Polnjen sir „Brie“,,2.49,180 g,1 kg = 13.83
MISTER CHOC Dražeji z mandlji,,2.49,250 g,1 kg = 9.96
DELUXE Mortadela „Bologna“,,1.59,120 g,1 kg = 13.25
DELUXE Premium narezek,,2.99,100 g,1 kg = 29.90
ACENTINO Balzamični preliv,,1.29,150 ml,1 l = 8.60
DELUXE Avstralski kengurujevi steaki,,5.99,300 g,1 kg = 19.97
DELUXE Italijanski pršut „Prosciutto di Parma“,,2.79,90 g,1 kg = 31.00
DELUXE Sveže testenine „Panzerotti”,,1.79,250 g,1 kg = 7.16
DELUXE Testenine „Tagliolini“,,1.79,250 g,1 kg = 7.16
DELUXE Sveže polnjene testenine „Ravioli“,,1.79,250 g,1 kg = 7.16
DELUXE Sir „Stracciatella di Bufala“,,1.99,150 g,1 kg = 13.27
DELUXE Mortadela s tartufi,,1.99,100 g,1 kg = 19.90
DELUXE Sir Burrata,,1.99,125 g,1 kg = 15.92
DELUXE Sladica „Crème Brûlée“,,1.99,2 x 100 g,1 kg = 9.95
DELUXE Čokoladni desert v kozarčku,,2.29,120 g (2 x 60 g),1 kg = 19.08
DELUXE Sladica Pastel de Nata,,2.29,240 g,1 kg = 9.54
DELUXE Skutni desert,,1.49,85 g,1 kg = 17.53
Ciabatta,,1.19,,"300 g (1 kg = 3,97)"
Hribovc mešani,,2.39,,500 g (1 kg = 4.78)
Italijanski kruh,,1.69,,"500g (1 kg = 3,38)"
Koruzni mešani kruh brez kvasa,,1.59,400 g,1 kg = 3.98
Jabolčni žepek,,0.95,105 g,1 kg = 9.05
Jabolčni burek,,2.45,220 g,1 kg = 11.14
Kakavov rogljiček s cimetom,,0.59,65 g,1 kg = 9.08
Koruzni kruh,,1.69,500 g,1 kg = 3.38
Beli kruh brez kvasa,,1.59,400 g,1 kg = 3.98
Koruzni kruh z drožmi,,1.99,400 g,1 kg = 4.98
Mini pica iz list. testa,,0.19,20 g,1 kg = 9.50
Kruh štruca bela,,1.19,500 g,1 kg = 2.38
Kruh brez kvasa,,1.75,400 g,1 kg = 4.38
Kruh z drožmi,,1.65,400 g,1 kg = 4.13
Kruh za žar,,2.69,500 g,1 kg = 5.38
Martinov kruh,,1.69,500 g,1 kg = 3.38
Pšenična štručka,,0.29,,"65 g (1 kg = 4,46)"
Pizza štručka,,1.09,120 g,1 kg = 9.08
Rustikalna bela štruca,,1.39,,"400 g (1 kg = 3,48)"
Štručka s česnovim maslom,,1.09,165 g,1 kg = 6.61
Štručka s sirom (lužena),,0.79,,"100 g (1 kg = 7,9)"
Donut z vanilijevim polnilom,,0.69,,"66 g (1 kg = 10,45)"
Sladoled Minioni,,,,
Mini pizza,,0.79,110 g,1 kg = 7.18
Makova pletenica,,0.85,80 g,1 kg = 10.63
Krompirjev kruh,,1.49,400 g,1 kg = 3.73
FRESHONA Šampinjoni,,2.99,650 g/ 420 g,1 kg = 7.12 / 4.60
BELBAKE Arome za peko,,2.19,20 kosov,1 kos = 0.11
BELBAKE Kakav v prahu,,2.19,250 g,1 kg = 8.76
BELBAKE Pasta za peko,,2.99,50 g,1 kg = 59.80
BELBAKE Maščoba v razpršilu,,2.79,200 ml,1 l = 13.95
BELBAKE Limonine/pomarančne lupine,,0.99,25 g,1 kg = 39.60
BELBAKE Nastrgana mlečna čokolada/čokoladne kapljice/koščki,,1.49,100 g,1 kg = 14.90
BELBAKE Jedilne bleščice,,2.99,100 g,1 kg = 29.90
BELBAKE Lešniki,,2.49,200 g,1 kg = 12.45
BELBAKE Drobljeni piškoti,,1.49,500 g,1 kg = 2.98
BELBAKE Kandirane češnje,,1.19,100 g,1 kg = 11.90
BELBAKE Krokant,,1.29,100 g,1 kg = 12.90
CHEF SELECT Kvašeno/krhko testo,,1.19,400 g,1 kg = 2.98
BELBAKE Čokolada za oblivanje,,1.69,200 g,1 kg = 8.45
BELBAKE Mandlji,,2.99,200 g,1 kg = 14.95
BELBAKE Fina marcipanova masa,,1.69,200 g,1 kg = 8.45
BELBAKE Mini penice „Marshmallows“,,1.49,180 g,1 kg = 8.28
BELBAKE Naravna aroma burbonske vanilije,,1.99,20 ml,1 l = 99.50
BELBAKE Sladkor v prahu,,1.29,250 g,1 kg = 5.16
BELBAKE Fondant,,1.79,250 g,1 kg = 7.16
BELBAKE Čokoladne mrvice,,2.99,400 g,1 kg = 7.48
BELBAKE Dekor iz sladkorja/čokolade,,1.89,11–57 g,1 kg = 171.82–33.16
BELBAKE Praznična dekoracija,,2.49,120/130 g,1 kg = 20.75/19.15
BELBAKE Sladkorna glazura,,0.89,125 g,1 kg = 7.12
BELBAKE Sladkorna dekoracija,,1.49,90-100 g,1 kg = 16.56-14.90
BELBAKE Kandirano sadje,,0.79,100 g,1 kg = 7.90
BELBAKE Barve za živila,,2.49,3 x 20 g,1 kg = 41.50
KINDER Maxi King,,1.99,3 x 35 g,1 kg = 18.95
SELECT & GO Suši box,,3.69,190/200 g,1 kg = 19.42 / 18.45
CHEF SELECT TO GO Suši box Sapporo,,7.79,"462,5 g",1 kg = 16.84
CHEF SELECT Tortelini z Ricotto in špinačo,,1.99,250 g,1 kg = 7.96
Zlati kifeljček,,0.29,30 g,1 kg = 9.67
Zlati Craft kruh,,1.99,410 g,1 kg = 4.85
Zlati Craft kruh,,1.95,410 g,1 kg = 4.76
Zlati kifeljček,,0.29,30 g,1 kg = 9.67
ALESTO Proteinska mešanica,,1.29,100 g,1 kg = 12.90
PILOS Proteinska skuta,,1.49,400 g,1 kg = 3.73
W5 Obešanka za WC školjko,,2.99,3 x 33 g,1 kg = 30.20
